﻿{
    "walk-relaxed_loop_251148": {
        "Version": "1.10.1822.1",
        "Scene": {
            "Name": true,
            "SupportShaderSelect": true
        },
        "Export Directory": "C:/RLConverterServices/RLConverter/TempData/Convert/f925dee969f292fd/JIC99e3fc6fdf596ba47",
        "Object": {
            "walk-relaxed_loop_251148": {
                "Generation": "RL_CharacterCreator_Base_Std_G3",
                "Physics": {
                    "Collision Shapes": {
                        "CC_Base_Hip": {
                            "Capsule": {
                                "Bone Active": true,
                                "Bound Type": "Capsule",
                                "Bound Axis": "X",
                                "Margin": 0.800000011920929,
                                "Friction": 0.05000000074505806,
                                "Elasticity": 0.5,
                                "WorldTranslate": [
                                    0.45719823241233828,
                                    -0.1473526805639267,
                                    96.1013412475586
                                ],
                                "WorldRotationQ": [
                                    0.6621947884559631,
                                    -0.03285139799118042,
                                    0.030677609145641328,
                                    0.7479824423789978
                                ],
                                "WorldScale": [
                                    1.0,
                                    1.000000238418579,
                                    1.0000001192092896
                                ],
                                "Radius": 13.003643035888672,
                                "Capsule Length": 10.634407043457032
                            }
                        },
                        "CC_Base_L_Thigh": {
                            "Capsule": {
                                "Bone Active": true,
                                "Bound Type": "Capsule",
                                "Bound Axis": "Y",
                                "Margin": 0.800000011920929,
                                "Friction": 0.05000000074505806,
                                "Elasticity": 0.5,
                                "WorldTranslate": [
                                    9.569195747375489,
                                    -7.738525867462158,
                                    75.7171859741211
                                ],
                                "WorldRotationQ": [
                                    0.07685977220535279,
                                    -0.5863400101661682,
                                    0.8048991560935974,
                                    -0.04934908449649811
                                ],
                                "WorldScale": [
                                    0.9999999403953552,
                                    0.9999997019767761,
                                    0.9999997019767761
                                ],
                                "Radius": 8.475896835327149,
                                "Capsule Length": 34.06171417236328
                            }
                        },
                        "CC_Base_L_Calf": {
                            "Capsule": {
                                "Bone Active": true,
                                "Bound Type": "Capsule",
                                "Bound Axis": "Y",
                                "Margin": 0.800000011920929,
                                "Friction": 0.05000000074505806,
                                "Elasticity": 0.5,
                                "WorldTranslate": [
                                    6.763680934906006,
                                    -8.582730293273926,
                                    30.615774154663087
                                ],
                                "WorldRotationQ": [
                                    -0.09475134313106537,
                                    0.7676084041595459,
                                    -0.6329192519187927,
                                    0.03482436388731003
                                ],
                                "WorldScale": [
                                    1.000000238418579,
                                    1.0,
                                    1.000000238418579
                                ],
                                "Radius": 6.282876968383789,
                                "Capsule Length": 37.62794494628906
                            }
                        },
                        "CC_Base_L_Foot": {
                            "Capsule": {
                                "Bone Active": true,
                                "Bound Type": "Capsule",
                                "Bound Axis": "Y",
                                "Margin": 0.800000011920929,
                                "Friction": 0.05000000074505806,
                                "Elasticity": 0.5,
                                "WorldTranslate": [
                                    7.049937725067139,
                                    -10.77797794342041,
                                    3.7564051151275636
                                ],
                                "WorldRotationQ": [
                                    0.0036759779322892429,
                                    0.0030944242607802154,
                                    0.9682769775390625,
                                    -0.24983318150043488
                                ],
                                "WorldScale": [
                                    0.9999998807907105,
                                    0.9999997019767761,
                                    1.0
                                ],
                                "Radius": 4.38600492477417,
                                "Capsule Length": 10.877579689025879
                            }
                        },
                        "CC_Base_L_ToeBase": {
                            "Capsule": {
                                "Bone Active": false,
                                "Bound Type": "Box",
                                "Bound Axis": "Y",
                                "Margin": 0.800000011920929,
                                "Friction": 0.05000000074505806,
                                "Elasticity": 0.5,
                                "WorldTranslate": [
                                    11.327906608581543,
                                    -18.071046829223634,
                                    3.32322096824646
                                ],
                                "WorldRotationQ": [
                                    -0.02986285090446472,
                                    0.043529774993658069,
                                    0.9722179174423218,
                                    -0.22804751992225648
                                ],
                                "WorldScale": [
                                    1.0000003576278687,
                                    0.9999998211860657,
                                    0.9999998807907105
                                ],
                                "Extent": [
                                    7.7499918937683109,
                                    13.564981460571289,
                                    11.79710578918457
                                ]
                            }
                        },
                        "CC_Base_R_Thigh": {
                            "Capsule": {
                                "Bone Active": true,
                                "Bound Type": "Capsule",
                                "Bound Axis": "Y",
                                "Margin": 0.800000011920929,
                                "Friction": 0.05000000074505806,
                                "Elasticity": 0.5,
                                "WorldTranslate": [
                                    -13.01473617553711,
                                    -3.72818660736084,
                                    73.16089630126953
                                ],
                                "WorldRotationQ": [
                                    -0.017072847113013269,
                                    -0.6442910432815552,
                                    0.7570300102233887,
                                    0.10725271701812744
                                ],
                                "WorldScale": [
                                    1.0000001192092896,
                                    0.9999998807907105,
                                    0.9999998807907105
                                ],
                                "Radius": 8.843481063842774,
                                "Capsule Length": 33.55305862426758
                            }
                        },
                        "CC_Base_R_Calf": {
                            "Capsule": {
                                "Bone Active": true,
                                "Bound Type": "Capsule",
                                "Bound Axis": "Y",
                                "Margin": 0.800000011920929,
                                "Friction": 0.05000000074505806,
                                "Elasticity": 0.5,
                                "WorldTranslate": [
                                    -13.418621063232422,
                                    14.262513160705567,
                                    39.197792053222659
                                ],
                                "WorldRotationQ": [
                                    0.07882184535264969,
                                    0.9533972144126892,
                                    -0.2809446454048157,
                                    -0.07675249129533768
                                ],
                                "WorldScale": [
                                    1.0000001192092896,
                                    1.0000001192092896,
                                    1.0000001192092896
                                ],
                                "Radius": 6.376435279846191,
                                "Capsule Length": 38.173500061035159
                            }
                        },
                        "CC_Base_R_Foot": {
                            "Capsule": {
                                "Bone Active": true,
                                "Bound Type": "Capsule",
                                "Bound Axis": "Y",
                                "Margin": 0.800000011920929,
                                "Friction": 0.05000000074505806,
                                "Elasticity": 0.5,
                                "WorldTranslate": [
                                    -12.927549362182618,
                                    32.83035659790039,
                                    18.456987380981447
                                ],
                                "WorldRotationQ": [
                                    0.0165658351033926,
                                    -0.4456217288970947,
                                    0.871848464012146,
                                    0.20255140960216523
                                ],
                                "WorldScale": [
                                    0.9999998807907105,
                                    1.0,
                                    1.0
                                ],
                                "Radius": 4.533045768737793,
                                "Capsule Length": 10.658458709716797
                            }
                        },
                        "CC_Base_Waist": {
                            "Capsule": {
                                "Bone Active": true,
                                "Bound Type": "Box",
                                "Bound Axis": "Y",
                                "Margin": 0.800000011920929,
                                "Friction": 0.05000000074505806,
                                "Elasticity": 0.5,
                                "WorldTranslate": [
                                    -0.9297551512718201,
                                    -0.8783109188079834,
                                    114.96259307861328
                                ],
                                "WorldRotationQ": [
                                    0.7436596155166626,
                                    -0.016309743747115136,
                                    0.009262616746127606,
                                    0.6682952046394348
                                ],
                                "WorldScale": [
                                    1.0,
                                    1.000000238418579,
                                    1.0000001192092896
                                ],
                                "Extent": [
                                    24.68741226196289,
                                    23.64196014404297,
                                    13.493804931640625
                                ]
                            }
                        },
                        "CC_Base_Spine01": {
                            "Capsule": {
                                "Bone Active": true,
                                "Bound Type": "Box",
                                "Bound Axis": "Y",
                                "Margin": 0.800000011920929,
                                "Friction": 0.05000000074505806,
                                "Elasticity": 0.5,
                                "WorldTranslate": [
                                    -0.1715639978647232,
                                    -1.4818874597549439,
                                    135.35284423828126
                                ],
                                "WorldRotationQ": [
                                    0.6624208092689514,
                                    0.006906133145093918,
                                    -0.015818430110812188,
                                    0.7489331364631653
                                ],
                                "WorldScale": [
                                    1.0,
                                    0.9999997019767761,
                                    0.9999997615814209
                                ],
                                "Extent": [
                                    29.42172622680664,
                                    20.10055160522461,
                                    18.698110580444337
                                ]
                            },
                            "Capsule(0)": {
                                "Bone Active": true,
                                "Bound Type": "Capsule",
                                "Bound Axis": "X",
                                "Margin": 0.800000011920929,
                                "Friction": 0.05000000074505806,
                                "Elasticity": 0.5,
                                "WorldTranslate": [
                                    0.09613924473524094,
                                    0.33813467621803286,
                                    143.9893341064453
                                ],
                                "WorldRotationQ": [
                                    0.6624208092689514,
                                    0.006906133145093918,
                                    -0.015818430110812188,
                                    0.7489331364631653
                                ],
                                "WorldScale": [
                                    1.0,
                                    0.9999997019767761,
                                    0.9999997615814209
                                ],
                                "Radius": 9.391436576843262,
                                "Capsule Length": 17.66295051574707
                            }
                        },
                        "CC_Base_NeckTwist01": {
                            "Capsule": {
                                "Bone Active": true,
                                "Bound Type": "Capsule",
                                "Bound Axis": "Y",
                                "Margin": 0.800000011920929,
                                "Friction": 0.05000000074505806,
                                "Elasticity": 0.5,
                                "WorldTranslate": [
                                    2.3189871311187746,
                                    -4.467923164367676,
                                    156.7097930908203
                                ],
                                "WorldRotationQ": [
                                    0.8353079557418823,
                                    0.008909964002668858,
                                    -0.039929524064064029,
                                    0.5482579469680786
                                ],
                                "WorldScale": [
                                    1.0,
                                    1.0,
                                    1.0000001192092896
                                ],
                                "Radius": 5.334224700927734,
                                "Capsule Length": 3.8112525939941408
                            }
                        },
                        "CC_Base_Head": {
                            "Capsule": {
                                "Bone Active": true,
                                "Bound Type": "Capsule",
                                "Bound Axis": "Y",
                                "Margin": 0.800000011920929,
                                "Friction": 0.05000000074505806,
                                "Elasticity": 0.5,
                                "WorldTranslate": [
                                    2.3378798961639406,
                                    -7.512860298156738,
                                    169.3041534423828
                                ],
                                "WorldRotationQ": [
                                    0.70710289478302,
                                    -0.02737131156027317,
                                    -0.004957555793225765,
                                    0.7065632939338684
                                ],
                                "WorldScale": [
                                    1.0000003576278687,
                                    1.0,
                                    1.000000238418579
                                ],
                                "Radius": 8.83122444152832,
                                "Capsule Length": 6.10755729675293
                            }
                        },
                        "CC_Base_L_Clavicle": {
                            "Capsule": {
                                "Bone Active": true,
                                "Bound Type": "Capsule",
                                "Bound Axis": "Y",
                                "Margin": 0.800000011920929,
                                "Friction": 0.05000000074505806,
                                "Elasticity": 0.5,
                                "WorldTranslate": [
                                    16.164775848388673,
                                    -0.06363581866025925,
                                    143.3581085205078
                                ],
                                "WorldRotationQ": [
                                    0.4101666212081909,
                                    0.6747821569442749,
                                    -0.42649614810943606,
                                    0.4410593509674072
                                ],
                                "WorldScale": [
                                    1.000000238418579,
                                    1.0,
                                    0.9999999403953552
                                ],
                                "Radius": 7.436086177825928,
                                "Capsule Length": 0.00019999999494757503
                            }
                        },
                        "CC_Base_L_Upperarm": {
                            "Capsule": {
                                "Bone Active": true,
                                "Bound Type": "Capsule",
                                "Bound Axis": "Y",
                                "Margin": 0.800000011920929,
                                "Friction": 0.05000000074505806,
                                "Elasticity": 0.5,
                                "WorldTranslate": [
                                    23.10214614868164,
                                    3.141667366027832,
                                    130.90066528320313
                                ],
                                "WorldRotationQ": [
                                    0.32271432876586916,
                                    0.7386524677276611,
                                    -0.5532566905021668,
                                    -0.21013103425502778
                                ],
                                "WorldScale": [
                                    1.0000001192092896,
                                    0.9999996423721314,
                                    0.9999998211860657
                                ],
                                "Radius": 5.0003838539123539,
                                "Capsule Length": 19.687484741210939
                            }
                        },
                        "CC_Base_L_Forearm": {
                            "Capsule": {
                                "Bone Active": true,
                                "Bound Type": "Capsule",
                                "Bound Axis": "Y",
                                "Margin": 0.800000011920929,
                                "Friction": 0.05000000074505806,
                                "Elasticity": 0.5,
                                "WorldTranslate": [
                                    27.316848754882814,
                                    2.4868662357330324,
                                    109.10627746582031
                                ],
                                "WorldRotationQ": [
                                    -0.2716370224952698,
                                    -0.6483950614929199,
                                    0.6851472854614258,
                                    0.19071011245250703
                                ],
                                "WorldScale": [
                                    0.9999995827674866,
                                    0.9999995827674866,
                                    1.000000238418579
                                ],
                                "Radius": 4.545864582061768,
                                "Capsule Length": 19.85452651977539
                            }
                        },
                        "CC_Base_L_Hand": {
                            "Capsule": {
                                "Bone Active": false,
                                "Bound Type": "Box",
                                "Bound Axis": "Y",
                                "Margin": 0.800000011920929,
                                "Friction": 0.05000000074505806,
                                "Elasticity": 0.5,
                                "WorldTranslate": [
                                    28.278995513916017,
                                    0.6285855770111084,
                                    90.94206237792969
                                ],
                                "WorldRotationQ": [
                                    0.19029530882835389,
                                    0.6735990643501282,
                                    -0.6671121716499329,
                                    -0.2549772560596466
                                ],
                                "WorldScale": [
                                    0.9999998807907105,
                                    0.9999999403953552,
                                    0.9999996423721314
                                ],
                                "Extent": [
                                    3.499464511871338,
                                    9.395685195922852,
                                    7.961470127105713
                                ]
                            }
                        },
                        "CC_Base_R_Clavicle": {
                            "Capsule": {
                                "Bone Active": true,
                                "Bound Type": "Capsule",
                                "Bound Axis": "Y",
                                "Margin": 0.800000011920929,
                                "Friction": 0.05000000074505806,
                                "Elasticity": 0.5,
                                "WorldTranslate": [
                                    -13.724772453308106,
                                    0.14249049127101899,
                                    145.02490234375
                                ],
                                "WorldRotationQ": [
                                    -0.4304099678993225,
                                    0.6549240946769714,
                                    -0.4122674763202667,
                                    -0.46460437774658205
                                ],
                                "WorldScale": [
                                    1.000000238418579,
                                    1.0,
                                    1.000000238418579
                                ],
                                "Radius": 7.436104774475098,
                                "Capsule Length": 0.00019999999494757503
                            }
                        },
                        "CC_Base_R_Upperarm": {
                            "Capsule": {
                                "Bone Active": true,
                                "Bound Type": "Capsule",
                                "Bound Axis": "Y",
                                "Margin": 0.800000011920929,
                                "Friction": 0.05000000074505806,
                                "Elasticity": 0.5,
                                "WorldTranslate": [
                                    -20.450136184692384,
                                    1.814874291419983,
                                    133.23085021972657
                                ],
                                "WorldRotationQ": [
                                    -0.3665402829647064,
                                    0.7040374279022217,
                                    -0.5761451125144959,
                                    0.1950293481349945
                                ],
                                "WorldScale": [
                                    1.0000001192092896,
                                    0.9999995231628418,
                                    0.9999993443489075
                                ],
                                "Radius": 5.0003790855407719,
                                "Capsule Length": 18.69189453125
                            }
                        },
                        "CC_Base_R_Forearm": {
                            "Capsule": {
                                "Bone Active": true,
                                "Bound Type": "Capsule",
                                "Bound Axis": "Y",
                                "Margin": 0.800000011920929,
                                "Friction": 0.05000000074505806,
                                "Elasticity": 0.5,
                                "WorldTranslate": [
                                    -26.933805465698243,
                                    -0.7893982529640198,
                                    111.88761901855469
                                ],
                                "WorldRotationQ": [
                                    0.24700874090194703,
                                    -0.6503489017486572,
                                    0.7140384316444397,
                                    -0.07862677425146103
                                ],
                                "WorldScale": [
                                    0.9999998807907105,
                                    0.999999463558197,
                                    1.000000238418579
                                ],
                                "Radius": 4.477931499481201,
                                "Capsule Length": 21.129894256591798
                            }
                        },
                        "CC_Base_R_Hand": {
                            "Capsule": {
                                "Bone Active": false,
                                "Bound Type": "Box",
                                "Bound Axis": "Y",
                                "Margin": 0.800000011920929,
                                "Friction": 0.05000000074505806,
                                "Elasticity": 0.5,
                                "WorldTranslate": [
                                    -30.003459930419923,
                                    -3.4188575744628908,
                                    93.72463989257813
                                ],
                                "WorldRotationQ": [
                                    -0.15019600093364716,
                                    0.6942251324653626,
                                    -0.6828787922859192,
                                    0.17079028487205506
                                ],
                                "WorldScale": [
                                    0.9999993443489075,
                                    0.9999990463256836,
                                    0.9999997019767761
                                ],
                                "Extent": [
                                    4.691689491271973,
                                    9.395724296569825,
                                    7.800914287567139
                                ]
                            }
                        }
                    }
                },
                "Meshes": {}
            }
        }
    }
}