﻿{
    "walk-relaxed_start_251114": {
        "Version": "1.10.1822.1",
        "Scene": {
            "Name": true,
            "SupportShaderSelect": true
        },
        "Export Directory": "C:/RLConverterServices/RLConverter/TempData/Convert/b05387b171dae2e5/JICb79d7a6b1d2bcdfc4",
        "Object": {
            "walk-relaxed_start_251114": {
                "Generation": "RL_CharacterCreator_Base_Std_G3",
                "Physics": {
                    "Collision Shapes": {
                        "CC_Base_Hip": {
                            "Capsule": {
                                "Bone Active": true,
                                "Bound Type": "Capsule",
                                "Bound Axis": "X",
                                "Margin": 0.800000011920929,
                                "Friction": 0.05000000074505806,
                                "Elasticity": 0.5,
                                "WorldTranslate": [
                                    -0.2584015130996704,
                                    0.21399785578250886,
                                    98.87200927734375
                                ],
                                "WorldRotationQ": [
                                    0.6882372498512268,
                                    0.06878085434436798,
                                    0.04040678218007088,
                                    0.7210866808891296
                                ],
                                "WorldScale": [
                                    0.9999998807907105,
                                    1.0000001192092896,
                                    0.9999998807907105
                                ],
                                "Radius": 13.003646850585938,
                                "Capsule Length": 10.634403228759766
                            }
                        },
                        "CC_Base_L_Thigh": {
                            "Capsule": {
                                "Bone Active": true,
                                "Bound Type": "Capsule",
                                "Bound Axis": "Y",
                                "Margin": 0.800000011920929,
                                "Friction": 0.05000000074505806,
                                "Elasticity": 0.5,
                                "WorldTranslate": [
                                    14.395182609558106,
                                    -0.5315181612968445,
                                    76.57049560546875
                                ],
                                "WorldRotationQ": [
                                    0.05030839517712593,
                                    -0.6518942713737488,
                                    0.7354450225830078,
                                    -0.17782999575138093
                                ],
                                "WorldScale": [
                                    0.9999998211860657,
                                    0.9999998807907105,
                                    0.9999997615814209
                                ],
                                "Radius": 8.475896835327149,
                                "Capsule Length": 34.061702728271487
                            }
                        },
                        "CC_Base_L_Calf": {
                            "Capsule": {
                                "Bone Active": true,
                                "Bound Type": "Capsule",
                                "Bound Axis": "Y",
                                "Margin": 0.800000011920929,
                                "Friction": 0.05000000074505806,
                                "Elasticity": 0.5,
                                "WorldTranslate": [
                                    21.92547607421875,
                                    0.6335242986679077,
                                    30.52602195739746
                                ],
                                "WorldRotationQ": [
                                    -0.07257776707410813,
                                    0.7060059905052185,
                                    -0.6809486150741577,
                                    0.180546373128891
                                ],
                                "WorldScale": [
                                    1.0000001192092896,
                                    0.9999997019767761,
                                    1.0
                                ],
                                "Radius": 6.2828779220581059,
                                "Capsule Length": 37.627952575683597
                            }
                        },
                        "CC_Base_L_Foot": {
                            "Capsule": {
                                "Bone Active": true,
                                "Bound Type": "Capsule",
                                "Bound Axis": "Y",
                                "Margin": 0.800000011920929,
                                "Friction": 0.05000000074505806,
                                "Elasticity": 0.5,
                                "WorldTranslate": [
                                    29.490589141845704,
                                    -4.037232875823975,
                                    3.8066277503967287
                                ],
                                "WorldRotationQ": [
                                    -0.0019259436521679164,
                                    0.002162670250982046,
                                    0.9456480145454407,
                                    -0.3251790702342987
                                ],
                                "WorldScale": [
                                    0.9999997615814209,
                                    0.999999463558197,
                                    0.9999998211860657
                                ],
                                "Radius": 4.386005401611328,
                                "Capsule Length": 10.877582550048829
                            }
                        },
                        "CC_Base_L_ToeBase": {
                            "Capsule": {
                                "Bone Active": false,
                                "Bound Type": "Box",
                                "Bound Axis": "Y",
                                "Margin": 0.800000011920929,
                                "Friction": 0.05000000074505806,
                                "Elasticity": 0.5,
                                "WorldTranslate": [
                                    34.857032775878909,
                                    -10.562949180603028,
                                    3.4127707481384279
                                ],
                                "WorldRotationQ": [
                                    -0.041236452758312228,
                                    0.051255274564027789,
                                    0.9509092569351196,
                                    -0.30239713191986086
                                ],
                                "WorldScale": [
                                    1.0,
                                    0.9999995827674866,
                                    0.9999997615814209
                                ],
                                "Extent": [
                                    7.749992370605469,
                                    13.564985275268555,
                                    11.79710578918457
                                ]
                            }
                        },
                        "CC_Base_R_Thigh": {
                            "Capsule": {
                                "Bone Active": true,
                                "Bound Type": "Capsule",
                                "Bound Axis": "Y",
                                "Margin": 0.800000011920929,
                                "Friction": 0.05000000074505806,
                                "Elasticity": 0.5,
                                "WorldTranslate": [
                                    -7.635899543762207,
                                    -4.096374034881592,
                                    76.94358825683594
                                ],
                                "WorldRotationQ": [
                                    -0.021246163174510003,
                                    -0.6661117672920227,
                                    0.744727611541748,
                                    -0.03499314934015274
                                ],
                                "WorldScale": [
                                    0.9999998807907105,
                                    0.9999999403953552,
                                    0.9999996423721314
                                ],
                                "Radius": 8.84348201751709,
                                "Capsule Length": 33.55305480957031
                            }
                        },
                        "CC_Base_R_Calf": {
                            "Capsule": {
                                "Bone Active": true,
                                "Bound Type": "Capsule",
                                "Bound Axis": "Y",
                                "Margin": 0.800000011920929,
                                "Friction": 0.05000000074505806,
                                "Elasticity": 0.5,
                                "WorldTranslate": [
                                    -4.263416290283203,
                                    -1.8432835340499879,
                                    30.990234375
                                ],
                                "WorldRotationQ": [
                                    0.016290757805109025,
                                    0.7488324046134949,
                                    -0.6614022850990295,
                                    0.039135657250881198
                                ],
                                "WorldScale": [
                                    1.0000001192092896,
                                    0.9999997019767761,
                                    0.9999999403953552
                                ],
                                "Radius": 6.376434326171875,
                                "Capsule Length": 38.17351531982422
                            }
                        },
                        "CC_Base_R_Foot": {
                            "Capsule": {
                                "Bone Active": true,
                                "Bound Type": "Capsule",
                                "Bound Axis": "Y",
                                "Margin": 0.800000011920929,
                                "Friction": 0.05000000074505806,
                                "Elasticity": 0.5,
                                "WorldTranslate": [
                                    -3.936753034591675,
                                    -5.889065265655518,
                                    3.976283311843872
                                ],
                                "WorldRotationQ": [
                                    -0.0035272943787276747,
                                    0.006729189772158861,
                                    0.9896227717399597,
                                    0.14348910748958589
                                ],
                                "WorldScale": [
                                    0.9999999403953552,
                                    0.9999996423721314,
                                    1.0
                                ],
                                "Radius": 4.533046245574951,
                                "Capsule Length": 10.658463478088379
                            }
                        },
                        "CC_Base_Waist": {
                            "Capsule": {
                                "Bone Active": true,
                                "Bound Type": "Box",
                                "Bound Axis": "Y",
                                "Margin": 0.800000011920929,
                                "Friction": 0.05000000074505806,
                                "Elasticity": 0.5,
                                "WorldTranslate": [
                                    0.6371144652366638,
                                    -1.502659797668457,
                                    117.70875549316406
                                ],
                                "WorldRotationQ": [
                                    0.7466941475868225,
                                    0.047312770038843158,
                                    0.033489491790533069,
                                    0.6626370549201965
                                ],
                                "WorldScale": [
                                    1.0000001192092896,
                                    0.9999999403953552,
                                    1.0
                                ],
                                "Extent": [
                                    24.68741226196289,
                                    23.641963958740236,
                                    13.49380874633789
                                ]
                            }
                        },
                        "CC_Base_Spine01": {
                            "Capsule": {
                                "Bone Active": true,
                                "Bound Type": "Box",
                                "Bound Axis": "Y",
                                "Margin": 0.800000011920929,
                                "Friction": 0.05000000074505806,
                                "Elasticity": 0.5,
                                "WorldTranslate": [
                                    0.29322823882102969,
                                    -0.9866908192634583,
                                    137.952880859375
                                ],
                                "WorldRotationQ": [
                                    0.6432425379753113,
                                    0.018535353243350984,
                                    0.03505685552954674,
                                    0.7646348476409912
                                ],
                                "WorldScale": [
                                    1.0,
                                    0.9999998211860657,
                                    0.9999999403953552
                                ],
                                "Extent": [
                                    29.42172622680664,
                                    20.10055160522461,
                                    18.69810676574707
                                ]
                            },
                            "Capsule(0)": {
                                "Bone Active": true,
                                "Bound Type": "Capsule",
                                "Bound Axis": "X",
                                "Margin": 0.800000011920929,
                                "Friction": 0.05000000074505806,
                                "Elasticity": 0.5,
                                "WorldTranslate": [
                                    -0.05311545357108116,
                                    1.2464665174484254,
                                    146.48902893066407
                                ],
                                "WorldRotationQ": [
                                    0.6432425379753113,
                                    0.018535353243350984,
                                    0.03505685552954674,
                                    0.7646348476409912
                                ],
                                "WorldScale": [
                                    1.0,
                                    0.9999998211860657,
                                    0.9999999403953552
                                ],
                                "Radius": 9.391436576843262,
                                "Capsule Length": 17.66295051574707
                            }
                        },
                        "CC_Base_NeckTwist01": {
                            "Capsule": {
                                "Bone Active": true,
                                "Bound Type": "Capsule",
                                "Bound Axis": "Y",
                                "Margin": 0.800000011920929,
                                "Friction": 0.05000000074505806,
                                "Elasticity": 0.5,
                                "WorldTranslate": [
                                    -1.0221420526504517,
                                    -1.176885962486267,
                                    159.5110321044922
                                ],
                                "WorldRotationQ": [
                                    0.8165131211280823,
                                    0.0021913384553045036,
                                    0.027186930179595948,
                                    0.5766822695732117
                                ],
                                "WorldScale": [
                                    1.0000001192092896,
                                    0.9999998211860657,
                                    0.9999998211860657
                                ],
                                "Radius": 5.334226608276367,
                                "Capsule Length": 3.811251640319824
                            }
                        },
                        "CC_Base_Head": {
                            "Capsule": {
                                "Bone Active": true,
                                "Bound Type": "Capsule",
                                "Bound Axis": "Y",
                                "Margin": 0.800000011920929,
                                "Friction": 0.05000000074505806,
                                "Elasticity": 0.5,
                                "WorldTranslate": [
                                    -1.1072198152542115,
                                    -5.051545143127441,
                                    172.16452026367188
                                ],
                                "WorldRotationQ": [
                                    0.7575384378433228,
                                    -0.002456838730722666,
                                    -0.006247437559068203,
                                    0.6527560949325562
                                ],
                                "WorldScale": [
                                    1.0000001192092896,
                                    0.9999997615814209,
                                    0.9999998211860657
                                ],
                                "Radius": 8.831226348876954,
                                "Capsule Length": 6.107563018798828
                            }
                        },
                        "CC_Base_L_Clavicle": {
                            "Capsule": {
                                "Bone Active": true,
                                "Bound Type": "Capsule",
                                "Bound Axis": "Y",
                                "Margin": 0.800000011920929,
                                "Friction": 0.05000000074505806,
                                "Elasticity": 0.5,
                                "WorldTranslate": [
                                    14.20932674407959,
                                    3.7068493366241457,
                                    148.45120239257813
                                ],
                                "WorldRotationQ": [
                                    0.40838852524757388,
                                    0.6557554602622986,
                                    -0.36868223547935488,
                                    0.5169884562492371
                                ],
                                "WorldScale": [
                                    1.0,
                                    0.9999997615814209,
                                    0.9999997019767761
                                ],
                                "Radius": 7.436089038848877,
                                "Capsule Length": 0.00019999999494757503
                            }
                        },
                        "CC_Base_L_Upperarm": {
                            "Capsule": {
                                "Bone Active": true,
                                "Bound Type": "Capsule",
                                "Bound Axis": "Y",
                                "Margin": 0.800000011920929,
                                "Friction": 0.05000000074505806,
                                "Elasticity": 0.5,
                                "WorldTranslate": [
                                    20.689350128173829,
                                    7.734145641326904,
                                    136.58934020996095
                                ],
                                "WorldRotationQ": [
                                    0.2739282548427582,
                                    0.7628638744354248,
                                    -0.5643848180770874,
                                    -0.1564348340034485
                                ],
                                "WorldScale": [
                                    1.0000001192092896,
                                    0.9999994039535523,
                                    0.9999997019767761
                                ],
                                "Radius": 5.0003838539123539,
                                "Capsule Length": 19.687484741210939
                            }
                        },
                        "CC_Base_L_Forearm": {
                            "Capsule": {
                                "Bone Active": true,
                                "Bound Type": "Capsule",
                                "Bound Axis": "Y",
                                "Margin": 0.800000011920929,
                                "Friction": 0.05000000074505806,
                                "Elasticity": 0.5,
                                "WorldTranslate": [
                                    25.04265594482422,
                                    5.533365726470947,
                                    115.22821044921875
                                ],
                                "WorldRotationQ": [
                                    -0.1883726269006729,
                                    -0.6036481261253357,
                                    0.7692436575889587,
                                    0.09159112721681595
                                ],
                                "WorldScale": [
                                    0.9999996423721314,
                                    0.9999993443489075,
                                    0.9999999403953552
                                ],
                                "Radius": 4.545864105224609,
                                "Capsule Length": 19.854534149169923
                            }
                        },
                        "CC_Base_L_Hand": {
                            "Capsule": {
                                "Bone Active": false,
                                "Bound Type": "Box",
                                "Bound Axis": "Y",
                                "Margin": 0.800000011920929,
                                "Friction": 0.05000000074505806,
                                "Elasticity": 0.5,
                                "WorldTranslate": [
                                    26.090255737304689,
                                    0.32291319966316225,
                                    97.72401428222656
                                ],
                                "WorldRotationQ": [
                                    -0.12512262165546418,
                                    -0.6081911325454712,
                                    0.7670761942863464,
                                    0.1613752543926239
                                ],
                                "WorldScale": [
                                    1.0,
                                    0.9999996423721314,
                                    0.9999995827674866
                                ],
                                "Extent": [
                                    3.499464273452759,
                                    9.395689010620118,
                                    7.961470127105713
                                ]
                            }
                        },
                        "CC_Base_R_Clavicle": {
                            "Capsule": {
                                "Bone Active": true,
                                "Bound Type": "Capsule",
                                "Bound Axis": "Y",
                                "Margin": 0.800000011920929,
                                "Friction": 0.05000000074505806,
                                "Elasticity": 0.5,
                                "WorldTranslate": [
                                    -15.823708534240723,
                                    0.9272090196609497,
                                    145.85704040527345
                                ],
                                "WorldRotationQ": [
                                    -0.42741847038269045,
                                    0.6381340026855469,
                                    -0.4763963222503662,
                                    -0.42795446515083315
                                ],
                                "WorldScale": [
                                    1.0,
                                    0.9999999403953552,
                                    0.9999998211860657
                                ],
                                "Radius": 7.436107158660889,
                                "Capsule Length": 0.00019999999494757503
                            }
                        },
                        "CC_Base_R_Upperarm": {
                            "Capsule": {
                                "Bone Active": true,
                                "Bound Type": "Capsule",
                                "Bound Axis": "Y",
                                "Margin": 0.800000011920929,
                                "Friction": 0.05000000074505806,
                                "Elasticity": 0.5,
                                "WorldTranslate": [
                                    -20.543500900268556,
                                    2.7261745929718019,
                                    133.45932006835938
                                ],
                                "WorldRotationQ": [
                                    -0.3381817638874054,
                                    0.6832455396652222,
                                    -0.5850372314453125,
                                    0.27665865421295168
                                ],
                                "WorldScale": [
                                    0.9999990463256836,
                                    0.9999992847442627,
                                    0.9999997615814209
                                ],
                                "Radius": 5.000382900238037,
                                "Capsule Length": 18.69188690185547
                            }
                        },
                        "CC_Base_R_Forearm": {
                            "Capsule": {
                                "Bone Active": true,
                                "Bound Type": "Capsule",
                                "Bound Axis": "Y",
                                "Margin": 0.800000011920929,
                                "Friction": 0.05000000074505806,
                                "Elasticity": 0.5,
                                "WorldTranslate": [
                                    -22.84799575805664,
                                    -1.3267840147018433,
                                    111.65412139892578
                                ],
                                "WorldRotationQ": [
                                    0.14907437562942506,
                                    -0.5892390608787537,
                                    0.7861387729644775,
                                    -0.11207108944654465
                                ],
                                "WorldScale": [
                                    0.9999989867210388,
                                    0.9999994039535523,
                                    1.000000238418579
                                ],
                                "Radius": 4.477934837341309,
                                "Capsule Length": 21.12989044189453
                            }
                        },
                        "CC_Base_R_Hand": {
                            "Capsule": {
                                "Bone Active": false,
                                "Bound Type": "Box",
                                "Bound Axis": "Y",
                                "Margin": 0.800000011920929,
                                "Friction": 0.05000000074505806,
                                "Elasticity": 0.5,
                                "WorldTranslate": [
                                    -22.07958984375,
                                    -6.5050578117370609,
                                    93.77175903320313
                                ],
                                "WorldRotationQ": [
                                    0.07564694434404373,
                                    -0.6289104223251343,
                                    0.7427758574485779,
                                    -0.21687166392803193
                                ],
                                "WorldScale": [
                                    0.999998927116394,
                                    0.9999991059303284,
                                    0.9999998211860657
                                ],
                                "Extent": [
                                    4.691690444946289,
                                    9.395723342895508,
                                    7.800914287567139
                                ]
                            }
                        }
                    }
                },
                "Meshes": {}
            }
        }
    }
}