﻿{
    "walk-relaxed_end_251010": {
        "Version": "1.10.1822.1",
        "Scene": {
            "Name": true,
            "SupportShaderSelect": true
        },
        "Export Directory": "C:/RLConverterServices/RLConverter/TempData/Convert/16aef3b9d78fb3a1/JIC249d419f43f709641",
        "Object": {
            "walk-relaxed_end_251010": {
                "Generation": "RL_CharacterCreator_Base_Std_G3",
                "Physics": {
                    "Collision Shapes": {
                        "CC_Base_Hip": {
                            "Capsule": {
                                "Bone Active": true,
                                "Bound Type": "Capsule",
                                "Bound Axis": "X",
                                "Margin": 0.800000011920929,
                                "Friction": 0.05000000074505806,
                                "Elasticity": 0.5,
                                "WorldTranslate": [
                                    0.4483473598957062,
                                    -0.1277981847524643,
                                    96.07073211669922
                                ],
                                "WorldRotationQ": [
                                    0.6636003851890564,
                                    -0.031025582924485208,
                                    0.031355954706668857,
                                    0.7467856407165527
                                ],
                                "WorldScale": [
                                    1.0000001192092896,
                                    1.000000238418579,
                                    1.000000238418579
                                ],
                                "Radius": 13.003643035888672,
                                "Capsule Length": 10.634403228759766
                            }
                        },
                        "CC_Base_L_Thigh": {
                            "Capsule": {
                                "Bone Active": true,
                                "Bound Type": "Capsule",
                                "Bound Axis": "Y",
                                "Margin": 0.800000011920929,
                                "Friction": 0.05000000074505806,
                                "Elasticity": 0.5,
                                "WorldTranslate": [
                                    9.661096572875977,
                                    -7.986029624938965,
                                    75.76407623291016
                                ],
                                "WorldRotationQ": [
                                    0.07644293457269669,
                                    -0.5813652873039246,
                                    0.8084574341773987,
                                    -0.050669990479946139
                                ],
                                "WorldScale": [
                                    1.0000001192092896,
                                    1.000000238418579,
                                    1.0
                                ],
                                "Radius": 8.475895881652832,
                                "Capsule Length": 34.06169128417969
                            }
                        },
                        "CC_Base_L_Calf": {
                            "Capsule": {
                                "Bone Active": true,
                                "Bound Type": "Capsule",
                                "Bound Axis": "Y",
                                "Margin": 0.800000011920929,
                                "Friction": 0.05000000074505806,
                                "Elasticity": 0.5,
                                "WorldTranslate": [
                                    7.010124683380127,
                                    -9.40124797821045,
                                    30.660388946533204
                                ],
                                "WorldRotationQ": [
                                    -0.09451024979352951,
                                    0.7633033990859985,
                                    -0.6380758881568909,
                                    0.03598560020327568
                                ],
                                "WorldScale": [
                                    0.9999998807907105,
                                    0.9999998211860657,
                                    1.000000238418579
                                ],
                                "Radius": 6.282878398895264,
                                "Capsule Length": 37.6279411315918
                            }
                        },
                        "CC_Base_L_Foot": {
                            "Capsule": {
                                "Bone Active": true,
                                "Bound Type": "Capsule",
                                "Bound Axis": "Y",
                                "Margin": 0.800000011920929,
                                "Friction": 0.05000000074505806,
                                "Elasticity": 0.5,
                                "WorldTranslate": [
                                    7.379566669464111,
                                    -11.927660942077637,
                                    3.7563765048980715
                                ],
                                "WorldRotationQ": [
                                    0.003675089217722416,
                                    0.003095389110967517,
                                    0.9681997299194336,
                                    -0.2501322627067566
                                ],
                                "WorldScale": [
                                    0.9999996423721314,
                                    0.9999997615814209,
                                    0.9999998807907105
                                ],
                                "Radius": 4.386005401611328,
                                "Capsule Length": 10.877578735351563
                            }
                        },
                        "CC_Base_L_ToeBase": {
                            "Capsule": {
                                "Bone Active": false,
                                "Bound Type": "Box",
                                "Bound Axis": "Y",
                                "Margin": 0.800000011920929,
                                "Friction": 0.05000000074505806,
                                "Elasticity": 0.5,
                                "WorldTranslate": [
                                    11.661723136901856,
                                    -19.218120574951173,
                                    3.3232080936431886
                                ],
                                "WorldRotationQ": [
                                    -0.029870595782995225,
                                    0.04352446645498276,
                                    0.9721783399581909,
                                    -0.2282162606716156
                                ],
                                "WorldScale": [
                                    1.0,
                                    0.9999994039535523,
                                    0.9999993443489075
                                ],
                                "Extent": [
                                    7.749993324279785,
                                    13.564986228942871,
                                    11.797110557556153
                                ]
                            }
                        },
                        "CC_Base_R_Thigh": {
                            "Capsule": {
                                "Bone Active": true,
                                "Bound Type": "Capsule",
                                "Bound Axis": "Y",
                                "Margin": 0.800000011920929,
                                "Friction": 0.05000000074505806,
                                "Elasticity": 0.5,
                                "WorldTranslate": [
                                    -12.853163719177246,
                                    -3.6724934577941896,
                                    73.11390686035156
                                ],
                                "WorldRotationQ": [
                                    -0.019074367359280587,
                                    -0.6458927392959595,
                                    0.7559592127799988,
                                    0.1048065647482872
                                ],
                                "WorldScale": [
                                    1.0,
                                    0.9999999403953552,
                                    0.9999999403953552
                                ],
                                "Radius": 8.843481063842774,
                                "Capsule Length": 33.55305480957031
                            }
                        },
                        "CC_Base_R_Calf": {
                            "Capsule": {
                                "Bone Active": true,
                                "Bound Type": "Capsule",
                                "Bound Axis": "Y",
                                "Margin": 0.800000011920929,
                                "Friction": 0.05000000074505806,
                                "Elasticity": 0.5,
                                "WorldTranslate": [
                                    -13.116508483886719,
                                    14.28063678741455,
                                    38.93866729736328
                                ],
                                "WorldRotationQ": [
                                    0.078511543571949,
                                    0.9523350596427918,
                                    -0.28529247641563418,
                                    -0.07417621463537216
                                ],
                                "WorldScale": [
                                    0.9999999403953552,
                                    0.9999998807907105,
                                    0.9999996423721314
                                ],
                                "Radius": 6.376436233520508,
                                "Capsule Length": 38.17351150512695
                            }
                        },
                        "CC_Base_R_Foot": {
                            "Capsule": {
                                "Bone Active": true,
                                "Bound Type": "Capsule",
                                "Bound Axis": "Y",
                                "Margin": 0.800000011920929,
                                "Friction": 0.05000000074505806,
                                "Elasticity": 0.5,
                                "WorldTranslate": [
                                    -12.613395690917969,
                                    32.56196975708008,
                                    18.068500518798829
                                ],
                                "WorldRotationQ": [
                                    0.015055015683174134,
                                    -0.43389689922332766,
                                    0.8780825734138489,
                                    0.2011910229921341
                                ],
                                "WorldScale": [
                                    1.0000001192092896,
                                    0.9999999403953552,
                                    0.9999997615814209
                                ],
                                "Radius": 4.533044815063477,
                                "Capsule Length": 10.65846061706543
                            }
                        },
                        "CC_Base_Waist": {
                            "Capsule": {
                                "Bone Active": true,
                                "Bound Type": "Box",
                                "Bound Axis": "Y",
                                "Margin": 0.800000011920929,
                                "Friction": 0.05000000074505806,
                                "Elasticity": 0.5,
                                "WorldTranslate": [
                                    -0.9028221964836121,
                                    -0.918913722038269,
                                    114.93267059326172
                                ],
                                "WorldRotationQ": [
                                    0.7442107796669006,
                                    -0.01372085977345705,
                                    0.010652228258550167,
                                    0.6677190065383911
                                ],
                                "WorldScale": [
                                    1.0,
                                    0.9999996423721314,
                                    0.9999998807907105
                                ],
                                "Extent": [
                                    24.68741226196289,
                                    23.641969680786134,
                                    13.49380874633789
                                ]
                            }
                        },
                        "CC_Base_Spine01": {
                            "Capsule": {
                                "Bone Active": true,
                                "Bound Type": "Box",
                                "Bound Axis": "Y",
                                "Margin": 0.800000011920929,
                                "Friction": 0.05000000074505806,
                                "Elasticity": 0.5,
                                "WorldTranslate": [
                                    -0.12135254591703415,
                                    -1.5044187307357789,
                                    135.3175506591797
                                ],
                                "WorldRotationQ": [
                                    0.6622209548950195,
                                    0.009927764534950257,
                                    -0.013291086070239544,
                                    0.7491249442100525
                                ],
                                "WorldScale": [
                                    1.000000238418579,
                                    0.9999998807907105,
                                    1.0000001192092896
                                ],
                                "Extent": [
                                    29.42172622680664,
                                    20.100547790527345,
                                    18.698101043701173
                                ]
                            },
                            "Capsule(0)": {
                                "Bone Active": true,
                                "Bound Type": "Capsule",
                                "Bound Axis": "X",
                                "Margin": 0.800000011920929,
                                "Friction": 0.05000000074505806,
                                "Elasticity": 0.5,
                                "WorldTranslate": [
                                    0.1423380821943283,
                                    0.3213294446468353,
                                    143.9529571533203
                                ],
                                "WorldRotationQ": [
                                    0.6622209548950195,
                                    0.009927764534950257,
                                    -0.013291086070239544,
                                    0.7491249442100525
                                ],
                                "WorldScale": [
                                    1.000000238418579,
                                    0.9999998807907105,
                                    1.0000001192092896
                                ],
                                "Radius": 9.391434669494629,
                                "Capsule Length": 17.662954330444337
                            }
                        },
                        "CC_Base_NeckTwist01": {
                            "Capsule": {
                                "Bone Active": true,
                                "Bound Type": "Capsule",
                                "Bound Axis": "Y",
                                "Margin": 0.800000011920929,
                                "Friction": 0.05000000074505806,
                                "Elasticity": 0.5,
                                "WorldTranslate": [
                                    2.405559778213501,
                                    -4.40781307220459,
                                    156.67822265625
                                ],
                                "WorldRotationQ": [
                                    0.8347063660621643,
                                    0.0127487163990736,
                                    -0.03782792389392853,
                                    0.5492466688156128
                                ],
                                "WorldScale": [
                                    1.000000238418579,
                                    1.000000238418579,
                                    1.000000238418579
                                ],
                                "Radius": 5.334224700927734,
                                "Capsule Length": 3.811250686645508
                            }
                        },
                        "CC_Base_Head": {
                            "Capsule": {
                                "Bone Active": true,
                                "Bound Type": "Capsule",
                                "Bound Axis": "Y",
                                "Margin": 0.800000011920929,
                                "Friction": 0.05000000074505806,
                                "Elasticity": 0.5,
                                "WorldTranslate": [
                                    2.457996129989624,
                                    -7.434723377227783,
                                    169.27828979492188
                                ],
                                "WorldRotationQ": [
                                    0.7068241834640503,
                                    -0.025983255356550218,
                                    -0.003992240875959396,
                                    0.7069005966186523
                                ],
                                "WorldScale": [
                                    1.0000001192092896,
                                    1.0,
                                    1.0
                                ],
                                "Radius": 8.831225395202637,
                                "Capsule Length": 6.10755729675293
                            }
                        },
                        "CC_Base_L_Clavicle": {
                            "Capsule": {
                                "Bone Active": true,
                                "Bound Type": "Capsule",
                                "Bound Axis": "Y",
                                "Margin": 0.800000011920929,
                                "Friction": 0.05000000074505806,
                                "Elasticity": 0.5,
                                "WorldTranslate": [
                                    16.192710876464845,
                                    0.11303865164518357,
                                    143.3025360107422
                                ],
                                "WorldRotationQ": [
                                    0.40650251507759097,
                                    0.6772682070732117,
                                    -0.42479783296585085,
                                    0.44227850437164309
                                ],
                                "WorldScale": [
                                    1.0000001192092896,
                                    1.0,
                                    1.0
                                ],
                                "Radius": 7.436086177825928,
                                "Capsule Length": 0.00019999999494757503
                            }
                        },
                        "CC_Base_L_Upperarm": {
                            "Capsule": {
                                "Bone Active": true,
                                "Bound Type": "Capsule",
                                "Bound Axis": "Y",
                                "Margin": 0.800000011920929,
                                "Friction": 0.05000000074505806,
                                "Elasticity": 0.5,
                                "WorldTranslate": [
                                    23.00636100769043,
                                    3.4994471073150636,
                                    130.84400939941407
                                ],
                                "WorldRotationQ": [
                                    0.3147850036621094,
                                    0.7424535751342773,
                                    -0.5532386898994446,
                                    -0.20880639553070069
                                ],
                                "WorldScale": [
                                    0.9999996423721314,
                                    0.9999998211860657,
                                    1.0000001192092896
                                ],
                                "Radius": 5.000385284423828,
                                "Capsule Length": 19.687471389770509
                            }
                        },
                        "CC_Base_L_Forearm": {
                            "Capsule": {
                                "Bone Active": true,
                                "Bound Type": "Capsule",
                                "Bound Axis": "Y",
                                "Margin": 0.800000011920929,
                                "Friction": 0.05000000074505806,
                                "Elasticity": 0.5,
                                "WorldTranslate": [
                                    27.129980087280275,
                                    3.069110631942749,
                                    109.02445983886719
                                ],
                                "WorldRotationQ": [
                                    -0.2644912004470825,
                                    -0.6527681946754456,
                                    0.6846035122871399,
                                    0.1877657175064087
                                ],
                                "WorldScale": [
                                    0.9999996423721314,
                                    0.9999996423721314,
                                    1.0
                                ],
                                "Radius": 4.545864105224609,
                                "Capsule Length": 19.854524612426759
                            }
                        },
                        "CC_Base_L_Hand": {
                            "Capsule": {
                                "Bone Active": false,
                                "Bound Type": "Box",
                                "Bound Axis": "Y",
                                "Margin": 0.800000011920929,
                                "Friction": 0.05000000074505806,
                                "Elasticity": 0.5,
                                "WorldTranslate": [
                                    28.03569221496582,
                                    1.3709725141525269,
                                    90.84461975097656
                                ],
                                "WorldRotationQ": [
                                    0.18112114071846009,
                                    0.6773604154586792,
                                    -0.6668769717216492,
                                    -0.25229576230049136
                                ],
                                "WorldScale": [
                                    0.999999463558197,
                                    0.9999994039535523,
                                    1.000000238418579
                                ],
                                "Extent": [
                                    3.4994659423828127,
                                    9.395689964294434,
                                    7.961467266082764
                                ]
                            }
                        },
                        "CC_Base_R_Clavicle": {
                            "Capsule": {
                                "Bone Active": true,
                                "Bound Type": "Capsule",
                                "Bound Axis": "Y",
                                "Margin": 0.800000011920929,
                                "Friction": 0.05000000074505806,
                                "Elasticity": 0.5,
                                "WorldTranslate": [
                                    -13.687095642089844,
                                    0.027710197493433954,
                                    144.99472045898438
                                ],
                                "WorldRotationQ": [
                                    -0.4333704113960266,
                                    0.6526076793670654,
                                    -0.4147239029407501,
                                    -0.4629226624965668
                                ],
                                "WorldScale": [
                                    1.0000001192092896,
                                    1.0000001192092896,
                                    0.9999998807907105
                                ],
                                "Radius": 7.436106204986572,
                                "Capsule Length": 0.00019999999494757503
                            }
                        },
                        "CC_Base_R_Upperarm": {
                            "Capsule": {
                                "Bone Active": true,
                                "Bound Type": "Capsule",
                                "Bound Axis": "Y",
                                "Margin": 0.800000011920929,
                                "Friction": 0.05000000074505806,
                                "Elasticity": 0.5,
                                "WorldTranslate": [
                                    -20.393308639526368,
                                    1.6119939088821412,
                                    133.18772888183595
                                ],
                                "WorldRotationQ": [
                                    -0.37029069662094118,
                                    0.701097846031189,
                                    -0.5757426023483276,
                                    0.19966711103916169
                                ],
                                "WorldScale": [
                                    1.000000238418579,
                                    0.9999998211860657,
                                    0.9999994039535523
                                ],
                                "Radius": 5.0003790855407719,
                                "Capsule Length": 18.691879272460939
                            }
                        },
                        "CC_Base_R_Forearm": {
                            "Capsule": {
                                "Bone Active": true,
                                "Bound Type": "Capsule",
                                "Bound Axis": "Y",
                                "Margin": 0.800000011920929,
                                "Friction": 0.05000000074505806,
                                "Elasticity": 0.5,
                                "WorldTranslate": [
                                    -26.76449203491211,
                                    -1.1058894395828248,
                                    111.82617950439453
                                ],
                                "WorldRotationQ": [
                                    0.2501830756664276,
                                    -0.6478371620178223,
                                    0.7145180106163025,
                                    -0.08473166078329086
                                ],
                                "WorldScale": [
                                    0.9999999403953552,
                                    1.0000001192092896,
                                    0.9999996423721314
                                ],
                                "Radius": 4.477931976318359,
                                "Capsule Length": 21.129878997802736
                            }
                        },
                        "CC_Base_R_Hand": {
                            "Capsule": {
                                "Bone Active": false,
                                "Bound Type": "Box",
                                "Bound Axis": "Y",
                                "Margin": 0.800000011920929,
                                "Friction": 0.05000000074505806,
                                "Elasticity": 0.5,
                                "WorldTranslate": [
                                    -29.70680046081543,
                                    -3.7857656478881838,
                                    93.65481567382813
                                ],
                                "WorldRotationQ": [
                                    -0.15349595248699189,
                                    0.6932041049003601,
                                    -0.6809741258621216,
                                    0.17939139902591706
                                ],
                                "WorldScale": [
                                    1.0,
                                    0.9999999403953552,
                                    0.9999995827674866
                                ],
                                "Extent": [
                                    4.69168758392334,
                                    9.395715713500977,
                                    7.8009138107299809
                                ]
                            }
                        }
                    }
                },
                "Meshes": {}
            }
        }
    }
}